,id,strain,thc,cbd,cbg,strainType,climate,difficulty,fungalResistance,indoorYieldInGramsMax,outdoorYieldInGramsMax,floweringWeeksMin,floweringWeeksMax,heightInInchesMin,heightInInchesMax,goodEffects,sideEffects,imgThumb,imgAttribution,imgAttributionLink,imgCreativeCommons
0,70,Zkittlez,14.18%,0.04%,0.54%,Hybrid,Dry,Easy,,35.0,480.0,7.0,9.0,60.0,70.0,"relaxed, happy","dry mouth, dizziness",https://s3.us-west-004.backblazeb2.com/encurate/static/strain/Zkittlez.jpg,,,False
1,69,XJ13,18.25%,0.06%,0.93%,Hybrid,Dry,Medium,,60.0,600.0,7.0,9.0,70.0,90.0,"uplifted, happy, energetic","dry mouth, anxiety",https://s3.us-west-004.backblazeb2.com/encurate/static/strain/XJ13.jpg,,,False
2,68,White Fire,19%,0.13%,0.56%,Hybrid,Dry,Medium,,60.0,550.0,10.0,12.0,50.0,70.0,"happy, relaxed, euphoric, uplifted","dry mouth, anxiety, dizziness",https://s3.us-west-004.backblazeb2.com/encurate/static/strain/White_Fire.jpg,,,False
3,67,Wedding Cake,15.7%,0.36%,0.60%,Hybrid,Humid,Easy,,51.0,510.0,7.0,9.0,30.0,50.0,"relaxed, happy, uplifted","anxiety, dizziness, dry mouth",https://s3.us-west-004.backblazeb2.com/encurate/static/strain/Wedding_Cake.jpg,,,False
4,66,Trainwreck,16.14%,0.08%,1%,Hybrid,Dry,Easy,,45.0,700.0,7.0,9.0,50.0,70.0,"uplifted, relaxed, happy","dry mouth, dizziness, paranoia",https://s3.us-west-004.backblazeb2.com/encurate/static/strain/Trainwreck.jpg,,,False
5,65,Tangie,13.70%,0.05%,0.50%,Hybrid,Dry,Medium,,50.0,500.0,7.0,9.0,70.0,90.0,"happy, uplifted, energetic","dry mouth, dizziness",https://s3.us-west-004.backblazeb2.com/encurate/static/strain/Tangie.jpg,,,False
6,64,Superglue,20.10%,0.04%,0.40%,Indica,Humid,Easy,,45.0,650.0,7.0,9.0,20.0,30.0,"relaxed, happy, euphoric","dizziness, dry mouth",https://s3.us-west-004.backblazeb2.com/encurate/static/strain/Superglue.jpg,,,False
7,63,Super Lemon Haze,18.60%,0.09%,1.20%,Hybrid,Dry,Easy,,70.0,1100.0,10.0,12.0,70.0,90.0,"happy, uplifted, energetic","dizziness, dry mouth",https://s3.us-west-004.backblazeb2.com/encurate/static/strain/Super_Lemon_Haze.jpg,,,False
8,62,Sunset Sherbet,17.00%,0.08%,0.64%,Hybrid,Dry,Easy,,28.0,311.0,7.0,9.0,50.0,70.0,"sleepy, happy, uplifted","anxiety, dizziness, dry mouth",https://s3.us-west-004.backblazeb2.com/encurate/static/strain/Sunset_Sherbet.jpg,,,False
9,61,Strawberry Cough,16.50%,0.07%,0.50%,Sativa,Humid,Medium,,40.0,400.0,10.0,12.0,60.0,70.0,"uplifted, euphoric, creative","dry mouth, dizziness, paranoia",https://s3.us-west-004.backblazeb2.com/encurate/static/strain/Strawberry_Cough.jpg,,,False
10,60,Strawberry Banana,21.54%,0.06%,0.87%,Indica,Humid,Easy,,50.0,650.0,7.0,9.0,70.0,90.0,"relaxed, happy, uplifted","dizziness, dry mouth, anxiety",https://s3.us-west-004.backblazeb2.com/encurate/static/strain/Strawberry_Banana.jpg,ThcDesign,https://thcdesign.com/strains/strawberry-banana/,True
11,59,Stephen Hawking Kush,2.10%,13.10%,0.30%,Hybrid,All Seasons,Easy,,45.0,400.0,7.0,9.0,70.0,90.0,"sleepy, relaxed, euphoric","dizziness, dry mouth",https://s3.us-west-004.backblazeb2.com/encurate/static/strain/Stephen_Hawking_Kush.jpg,,,False
12,58,Sour Tsunami,1.00%,11.20%,0.40%,Indica,All Seasons,Difficult,,42.0,450.0,7.0,9.0,70.0,90.0,"relaxed, sleepy, happy","dizziness, dry mouth",https://s3.us-west-004.backblazeb2.com/encurate/static/strain/Sour_Tsunami.jpg,,,False
13,57,Sour Diesel,19%,0.10%,0.40%,Sativa,Dry,Medium,,45.0,700.0,10.0,12.0,70.0,90.0,"happy, uplifted, energetic","dizziness, paranoia, dry mouth",https://s3.us-west-004.backblazeb2.com/encurate/static/strain/Sour_Diesel.jpg,,,False
14,56,Snoop's Dream,23.17%,0.22%,0.34%,Hybrid,Dry,Easy,,35.0,280.0,7.0,9.0,50.0,70.0,"relaxed, happy, uplifted","paranoia, anxiety, dry mouth",https://s3.us-west-004.backblazeb2.com/encurate/static/strain/Snoops_Dream.jpg,,,False
15,55,Skywalker OG,20.40%,0.07%,0.85%,Indica,Dry,Medium,,50.0,800.0,7.0,9.0,70.0,90.0,"relaxed, sleepy","dizziness, dry mouth",https://s3.us-west-004.backblazeb2.com/encurate/static/strain/Skywalker_OG.jpg,,,False
16,54,SFV OG,17.30%,0.10%,0.70%,Indica,Dry,Medium,,34.0,370.0,7.0,9.0,30.0,50.0,"happy, relaxed","anxiety, dry mouth",https://s3.us-west-004.backblazeb2.com/encurate/static/strain/SFV_OG.jpg,,,False
17,53,Sensi Star,20.6%,,0.9%,Indica,Dry,Easy,,28.0,400.0,7.0,9.0,50.0,70.0,"relaxed, euphoric, uplifted","dry mouth, dizziness, paranoia",https://s3.us-west-004.backblazeb2.com/encurate/static/strain/Sensi_Star.jpg,CannaCabana,https://cannacabana.com/products/7acres-sensi-star,True
18,52,Ringo’s Gift,0.60%,14.70%,0.60%,Sativa,All Seasons,Medium,,28.0,370.0,7.0,9.0,70.0,90.0,"relaxed, sleepy","dizziness, dry mouth",https://s3.us-west-004.backblazeb2.com/encurate/static/strain/Ringos_Gift.jpg,,,False
19,51,Purple Urkle,20.60%,0.10%,0.20%,Hybrid,Dry,Medium,,45.0,255.0,7.0,9.0,50.0,70.0,"relaxed, euphoric, uplifted","dry mouth, dizziness, paranoia",https://s3.us-west-004.backblazeb2.com/encurate/static/strain/Purple_Urkle.jpg,,,False
20,50,Purple Kush,20.8%,0.1%,0.3%,Indica,Dry,Medium,,40.0,260.0,7.0,9.0,20.0,30.0,"relaxed, happy, sleepy","dry mouth, paranoia, dizziness",https://s3.us-west-004.backblazeb2.com/encurate/static/strain/Purple_Kush.jpg,,,False
21,49,Platinum OG,18.60%,0.70%,0.70%,Indica,Dry,Easy,,34.0,340.0,7.0,9.0,30.0,50.0,"relaxed, happy, sleepy","dizziness, dry mouth",https://s3.us-west-004.backblazeb2.com/encurate/static/strain/Platinum_OG.jpg,EssenceVegas,https://essencevegas.com/kb/cannabis-strains/mmg-platinum-og/,True
22,48,Pennywise,9.40%,9.30%,0.30%,Hybrid,All Seasons,Medium,,70.0,250.0,10.0,12.0,30.0,50.0,"relaxed, focused, euphoric","anxiety, dizziness, dry mouth",https://s3.us-west-004.backblazeb2.com/encurate/static/strain/Pennywise.jpg,,,False
23,47,OG Kush,19.11%,0.10%,0.58%,Hybrid,Dry,Difficult,,34.0,400.0,7.0,9.0,70.0,90.0,"happy, relaxed, euphoric","paranoia, dry mouth",https://s3.us-west-004.backblazeb2.com/encurate/static/strain/OG_Kush.jpg,WeedMaps,https://weedmaps.com/brands/the-good/products/the-good-og-kush/reviews,True
24,46,Northern Lights,22%,0.1%,1%,Indica,Dry,Easy,,42.0,56.0,7.0,9.0,30.0,50.0,"creative, energetic, relaxed","dizziness, dry mouth",https://s3.us-west-004.backblazeb2.com/encurate/static/strain/Northern_Lights.jpg,,,False
25,45,Lemon Tree,17%,0.03%,0.53%,Hybrid,All Seasons,Easy,,42.0,480.0,7.0,9.0,70.0,90.0,"relaxed, happy, uplifted","dizziness, anxiety",https://s3.us-west-004.backblazeb2.com/encurate/static/strain/Lemon_Tree.jpg,,,False
26,44,LA Confidential,17.10%,0.09%,0.30%,Indica,Dry,Easy,,40.0,45.0,7.0,9.0,70.0,90.0,"relaxed, happy, uplifted","dizziness, dry mouth",https://s3.us-west-004.backblazeb2.com/encurate/static/strain/LA_Confidential.jpg,,,False
27,43,Kosher Kush,18.47%,0.13%,0.71%,Indica,Dry,Easy,,50.0,450.0,10.0,12.0,70.0,90.0,"relaxed, happy, sleepy","dizziness, dry mouth",https://s3.us-west-004.backblazeb2.com/encurate/static/strain/Kosher_Kush.jpg,Grow Diaries,https://growdiaries.com/seedbank/garden-of-green/kosher-kush,True
28,42,Jet Fuel,21.36%,0.11%,0.53%,Sativa,Dry,Medium,,35.0,400.0,10.0,12.0,70.0,90.0,"happy, euphoric, uplifted","dizziness, dry mouth",https://s3.us-west-004.backblazeb2.com/encurate/static/strain/Jet_Fuel.jpg,,,False
29,41,Jack the Ripper,19.34%,0.17%,0.56%,Sativa,Dry,Easy,,28.0,340.0,7.0,9.0,60.0,70.0,"happy, energetic, euphoric","paranoia, dizziness, dry mouth",https://s3.us-west-004.backblazeb2.com/encurate/static/strain/Jack_the_Ripper.jpg,,,False
30,40,Jack Herer,18%,0.10%,1%,Sativa,Dry,Medium,,50.0,500.0,7.0,9.0,70.0,90.0,"creative, energetic","anxiety, dry mouth",https://s3.us-west-004.backblazeb2.com/encurate/static/strain/Jack_Herer.jpg,Cannabis Pharm UK,https://cannabispharmuk.com/product/jack-herer-cannabis-strain-uk/,True
31,39,Hindu Kush,17.10%,,0.50%,Indica,Dry,Medium,,35.0,450.0,7.0,9.0,50.0,70.0,"relaxed, euphoric, happy","paranoia, dizziness, dry mouth",https://s3.us-west-004.backblazeb2.com/encurate/static/strain/Hindu_Kush.jpg,Grow Diaries,https://growdiaries.com/seedbank/msnl/hindu-kush,True
32,38,Headband,20.80%,0.08%,0.50%,Hybrid,Dry,Easy,,50.0,600.0,10.0,12.0,70.0,90.0,"euphoric, relaxed, uplifted","dizziness, dry mouth",https://s3.us-west-004.backblazeb2.com/encurate/static/strain/Headband.jpg,,,False
33,37,Harlequin,9%,6.40%,0.40%,Sativa,All Seasons,Medium,,70.0,600.0,7.0,9.0,70.0,90.0,"relaxed, sleepy, euphoric","anxiety, dizziness",https://s3.us-west-004.backblazeb2.com/encurate/static/strain/Harlequin.jpg,Leafly,https://www.leafly.com/strains/harlequin,True
34,36,Harle-Tsu,0.60%,11%,,Indica,Dry,Medium,,30.0,460.0,7.0,9.0,50.0,70.0,"relaxed, sleepy","dizziness, dry mouth",https://s3.us-west-004.backblazeb2.com/encurate/static/strain/Harle-Tsu.jpg,,,False
35,35,Grease Monkey,20.3%,0.08%,0.76%,Indica,Dry,Medium,,45.0,600.0,7.0,9.0,70.0,90.0,"sleepy, relaxed, happy","dizziness, dry mouth",https://s3.us-west-004.backblazeb2.com/encurate/static/strain/Grease_Monkey.jpg,,,False
36,34,Granddaddy Purple,20%,0.10%,0.60%,Indica,Humid,Easy,,45.0,300.0,7.0,9.0,20.0,30.0,"relaxed, sleepy, euphoric, happy","dizziness, dry mouth, paranoia",https://s3.us-west-004.backblazeb2.com/encurate/static/strain/Granddaddy_Purple.jpg,,,False
37,33,Gorilla Glue,21.30%,0.11%,0.50%,Hybrid,Dry,Easy,,60.0,600.0,7.0,9.0,70.0,90.0,"happy, relaxed, euphoric",dizziness,https://s3.us-west-004.backblazeb2.com/encurate/static/strain/Gorilla_Glue.jpg,,,False
38,32,Golden Goat,18.00%,0.11%,0.75%,Sativa,Dry,Medium,,45.0,425.0,10.0,12.0,70.0,90.0,"happy, uplifted, euphoric",dry mouth,https://s3.us-west-004.backblazeb2.com/encurate/static/strain/Golden_Goat.jpg,,,False
39,31,GMO,25.7%,0.15%,1.05%,Indica,Dry,Medium,,45.0,600.0,10.0,12.0,50.0,70.0,"happy, relaxed, euphoric","dry mouth, dry eyes, dizziness",https://s3.us-west-004.backblazeb2.com/encurate/static/strain/GMO.jpg,,,False
40,30,Girl Scout Cookies,19.10%,0.27%,0.98%,Hybrid,Dry,Medium,,30.0,280.0,10.0,12.0,50.0,70.0,"happy, relaxed, euphoric","dry mouth, dry eyes, dizziness",https://s3.us-west-004.backblazeb2.com/encurate/static/strain/Girl_Scout_Cookies.jpg,,,False
41,29,Gelato,18.70%,,0.70%,Hybrid,Humid,Difficult,,60.0,425.0,7.0,0.0,30.0,50.0,"happy, relaxed, euphoric","dry mouth, dry eyes, dizziness",https://s3.us-west-004.backblazeb2.com/encurate/static/strain/Gelato_.jpg,,,False
42,28,G-13,16.20%,0.10%,0.40%,Indica,Dry,Medium,,54.0,1100.0,10.0,12.0,50.0,70.0,"happy, relaxed, euphoric","paranoia, dizziness, dry eyes",https://s3.us-west-004.backblazeb2.com/encurate/static/strain/G-13.jpg,,,False
43,27,Fruity Pebbles,21.10%,0.20%,0.80%,Hybrid,Dry,Moderate,,40.0,500.0,7.0,9.0,70.0,90.0,"happy, relaxed, euphoric","dry mouth, dry eyes, dizziness",https://s3.us-west-004.backblazeb2.com/encurate/static/strain/Fruity_Pebbles.jpg,,,False
44,26,Forbidden Fruit,15.30%,0.03%,0.30%,Hybrid,Dry,Moderate,,50.0,425.0,7.0,9.0,50.0,70.0,"happy, euphoric, relaxed","dizziness, dry mouth, dry eyes",https://s3.us-west-004.backblazeb2.com/encurate/static/strain/Forbidden_Fruit.jpg,,,False
45,25,Dutch Treat,22.37%,0.20%,0.95%,Hybrid,Dry,Easy,,,,7.0,9.0,30.0,50.0,"euphoric, uplifted, creative","dizziness, dry mouth",https://s3.us-west-004.backblazeb2.com/encurate/static/strain/Dutch_Treat.jpg,Dutch Treat,https://www.leafly.com/strains/dutch-treat,True
46,24,Durban Poison,17.80%,0.60%,0.80%,Hybrid,Dry,Moderate,,40.0,500.0,7.0,9.0,70.0,90.0,"energetic, happy, uplifted","anxiety, paranoia, dry mouth",https://s3.us-west-004.backblazeb2.com/encurate/static/strain/Durban_Poison.jpg,Hytiva,https://www.hytiva.com/strains/sativa/durban-poison,True
47,23,Do Si Dos,20.7%,0.07%,1.00%,Hybrid,Humid,Medium,,30.0,700.0,7.0,9.0,30.0,50.0,"uplifted, relaxed, sleepy","dizziness, dry mouth",https://s3.us-west-004.backblazeb2.com/encurate/static/strain/Do_Si_Dos.jpg,"Do-Si-Dos, grown by Blue Roots Cannabis. (Courtesy)",https://www.spokesman.com/stories/2020/jun/12/strain-month-do-si-dos/,True
48,22,Death Star,16.81%,0.11%,0.71%,Indica,Dry,Easy,,45.0,340.0,7.0,9.0,30.0,50.0,"relaxed, happy, sleepy","dizziness, dry mouth",https://s3.us-west-004.backblazeb2.com/encurate/static/strain/Death_Star.jpg,,,False
49,21,Critical Mass,10.40%,5.70%,0.81%,Indica,Dry,Easy,,70.0,800.0,7.0,9.0,50.0,70.0,"relaxed, happy, sleepy","dizziness, dry mouth",https://s3.us-west-004.backblazeb2.com/encurate/static/strain/Critical_Mass.jpg,,,False
50,20,Cracker Jack,19.80%,0.10%,1.00%,Hybrid,Dry,Easy,,40.0,500.0,7.0,9.0,50.0,70.0,"energetic, focused, creative","paranoia, anxiety, dizziness",https://s3.us-west-004.backblazeb2.com/encurate/static/strain/Cracker_Jack.jpg,,,False
51,19,Cookies and Cream,23.50%,0.20%,1.30%,Hybrid,Dry,Difficult,,40.0,460.0,7.0,9.0,50.0,70.0,"happy, relaxed, euphoric","dizziness, anxiety",https://s3.us-west-004.backblazeb2.com/encurate/static/strain/Cookies-n-cream.jpg,,,False
52,18,Clementine,18%,0.18%,0.88%,Sativa,Humid,Moderate,,30.0,425.0,10.0,12.0,70.0,90.0,"happy, energetic, euphoric",anxiety,https://s3.us-west-004.backblazeb2.com/encurate/static/strain/Clementine.jpg,Toke & Smoke Shop,https://tokeandsmokeshop.io/product/clementine/,False
53,17,Cinderella 99,15.70%,0.20%,0.60%,Hybrid,All Seasons,Moderate,,45.0,60.0,7.0,9.0,30.0,50.0,"happy, energetic, euphoric","anxiety, paranoia, dry mouth",https://s3.us-west-004.backblazeb2.com/encurate/static/strain/Cinderella99.jpg,Seeds66,https://www.seeds66.com/cinderella-99-from-seeds66_4,False
54,16,Chernobyl,16.40%,0.11%,0.38%,Hybrid,Dry,Moderate,,40.0,400.0,7.0,9.0,70.0,90.0,"happy, euphoric, relaxed",dizziness,https://s3.us-west-004.backblazeb2.com/encurate/static/strain/Chernobyl.jpg,,,False
55,15,Cannatonic,2.40%,10.10%,0.70%,Hybrid,All Seasons,Moderate,,50.0,400.0,10.0,12.0,50.0,70.0,"relaxed, sleepy, euphoric",dizziness,https://s3.us-west-004.backblazeb2.com/encurate/static/strain/Cannatonic.jpg,Leafly,https://www.leafly.com/strains/cannatonic,False
56,14,Canna-Tsu,2.00%,7.10%,0.28%,Hybrid,Dry,Moderate,,30.0,300.0,7.0,9.0,30.0,50.0,"euphoric, sleepy, happy","dizziness, dry mouth",https://s3.us-west-004.backblazeb2.com/encurate/static/strain/Canna-Tsu.jpg,Herb.co,https://herb.co/strains/canna-tsu/,False
57,13,Candyland,18.40%,0.08%,0.80%,Hybrid,Dry,Easy,,45.0,90.0,7.0,9.0,70.0,90.0,"happy, uplifted, relaxed","thirst, anxiety, dizziness, dry mouth",https://s3.us-west-004.backblazeb2.com/encurate/static/strain/candyland-strain.jpg,Leafly,https://www.leafly.com/strains/candyland,False
58,12,Bubba Kush,18.60%,0.10%,0.60%,Indica,Dry,Moderate,,400.0,500.0,7.0,9.0,20.0,30.0,"relaxed, sleepy, euphoric, happy","dry mouth, dizziness, paranoia",https://s3.us-west-004.backblazeb2.com/encurate/static/strain/Bubba_kush.jpg,,,False
59,11,Bruce Banner,18.80%,1.20%,0.90%,Hybrid,Dry,Medium,,60.0,900.0,10.0,14.0,70.0,90.0,"euphoric, happy, relaxed","dizziness, anxiety",https://s3.us-west-004.backblazeb2.com/encurate/static/strain/Bruce-banner.jpg,,,False
60,10,Blue Dream,19.20%,0.10%,0.40%,Sativa,All Seasons,Moderate,,500.0,600.0,7.0,9.0,90.0,,"relaxed, creative, energetic, uplifting","dry mouth, dry eyes, dizziness, paranoia",https://s3.us-west-004.backblazeb2.com/encurate/static/strain/BlueDream.jpg,,,False
61,9,Blue Cookies,21%,0.05%,1.13%,Indica,All Seasons,Medium,,30.0,460.0,7.0,9.0,50.0,70.0,"relaxed, happy, uplifted, euphoric","dry mouth, dry eyes, sleepy",https://s3.us-west-004.backblazeb2.com/encurate/static/strain/Blue-Cookies.jpg,Herb.co,https://herb.co/strains/blue-cookies-marijuana-strain/,False
62,8,Berry White,17.30%,0.04%,2.00%,Hybrid,Dry,Easy,,45.0,500.0,7.0,9.0,50.0,70.0,"relaxed, happy, uplifted, euphoric","dry mouth, dry eyes, dizziness",https://s3.us-west-004.backblazeb2.com/encurate/static/strain/BerryWhite.jpg,Herb.co,https://herb.co/strains/berry-white/,True
63,7,Banana OG,21.36%,0.14%,0.54%,Indica,Humid,Easy,,35.0,400.0,7.0,9.0,30.0,50.0,"happy, relaxed, euphoric","dry mouth, dry eyes, dizziness",https://s3.us-west-004.backblazeb2.com/encurate/static/strain/Banana-OG.jpg,,,False
64,6,Amnesia,18.20%,2.00%,0.30%,Hybrid,Dry,Easy,,60.0,120.0,10.0,12.0,70.0,90.0,"euphoric, creative, uplifted, relaxed","dry eyes, dry mouth, dizziness, anxiety",https://s3.us-west-004.backblazeb2.com/encurate/static/strain/Amnesia.jpg,,,False
65,5,Alaskan Thunder Fuck,15.60%,0.15%,0.50%,Hybrid,Dry,Medium,Medium,50.0,900.0,7.0,9.0,70.0,90.0,"happy, euphoric, uplifted","dry mouth, dry eyes, dizziness",https://s3.us-west-004.backblazeb2.com/encurate/static/strain/Alaskan_thunder_fuck.jpg,,,False
66,4,AK-47,16.60%,0.30%,0.50%,Sativa,Dry,Easy,Medium,39.0,396.0,7.0,9.0,50.0,70.0,"energetic, relaxed, uplifting, creative, happy","dry mouth, dizziness, dry eyes, paranoia, lethargy",https://s3.us-west-004.backblazeb2.com/encurate/static/strain/AK47-WeedStrain.jpg,,,False
67,3,Afgoo,17.04%,0.06%,0.07%,Indica,Dry,Easy,Low,400.0,500.0,7.0,9.0,20.0,30.0,"relaxed, happy, euphoric","dry mouth, dry eyes, dizziness",https://s3.us-west-004.backblazeb2.com/encurate/static/strain/Afgoo.jpg,,,False
68,2,ACDC,1.40%,11.20%,0.20%,Hybrid,Dry,Difficult,Medium,340.0,453.0,10.0,12.0,30.0,50.0,"euphoric, sleepy, relaxed","dry mouth, dizziness, dry eyes, lethargy",https://s3.us-west-004.backblazeb2.com/encurate/static/strain/ACDC.png,,,False
69,1,Acapulco Gold,13.70%,0.12%,0.15%,Sativa,Humid,Medium,High,500.0,600.0,10.0,12.0,50.0,70.0,"happy, uplifted, euphoric, creative","dry eyes, dry mouth, paranoia, anxiety",https://s3.us-west-004.backblazeb2.com/encurate/static/strain/Acapulco-gold.jpg,"Anargratos - Self-photographed, CC BY-SA 4.0",https://commons.wikimedia.org/w/index.php?curid=8998618,True
